"BROKEN","EPIC","FAILED","FEATURE","PASSED","SKIPPED","STORY","UNKNOWN"
"0","JSONPlaceholder API Tests","0","Posts","1","0","Get Post By ID","0"
"0","JSONPlaceholder API Tests","0","Users","1","0","Get User Todos","0"
"0","JSONPlaceholder API Tests","0","Users","1","0","Get User Albums","0"
"0","JSONPlaceholder API Tests","0","Photos","1","0","Non Existent Photo","0"
"0","JSONPlaceholder API Tests","0","Posts","1","0","Non Existent Post","0"
"0","JSONPlaceholder API Tests","0","Posts","1","0","Delete Post","0"
"0","JSONPlaceholder API Tests","0","Photos","1","0","Response Time","0"
"0","JSONPlaceholder API Tests","0","Todos","1","0","Get All Todos","0"
"0","JSONPlaceholder API Tests","0","Comments","1","0","Get All Comments","0"
"0","JSONPlaceholder API Tests","0","Photos","1","0","Get All Photos","0"
"0","JSONPlaceholder API Tests","0","Posts","1","0","Post Comments","0"
"0","JSONPlaceholder API Tests","0","Albums","1","0","Non Existent Album","0"
"0","JSONPlaceholder API Tests","0","Todos","1","0","Filter Completed Todos","0"
"0","JSONPlaceholder API Tests","0","Albums","1","0","Get All Albums","0"
"0","JSONPlaceholder API Tests","0","Photos","1","0","Filter Photos By AlbumId","0"
"0","JSONPlaceholder API Tests","0","Albums","1","0","Create Album","0"
"0","JSONPlaceholder API Tests","0","Albums","1","0","Get Album By ID","0"
"0","JSONPlaceholder API Tests","0","Users","1","0","Get User By ID","0"
"0","JSONPlaceholder API Tests","0","Posts","1","0","Get All Posts","0"
"0","JSONPlaceholder API Tests","0","Comments","1","0","Get Comment By ID","0"
"0","JSONPlaceholder API Tests","0","Posts","1","0","Update Post","0"
"0","JSONPlaceholder API Tests","0","Users","1","0","User JSON Schema","0"
"0","JSONPlaceholder API Tests","0","Todos","1","0","Response Time","0"
"0","JSONPlaceholder API Tests","0","Photos","1","0","Photo URL Format","0"
"0","JSONPlaceholder API Tests","0","Albums","1","0","Filter Albums By UserId","0"
"0","JSONPlaceholder API Tests","0","Comments","1","0","Non Existent Comment","0"
"0","JSONPlaceholder API Tests","0","Comments","1","0","Comment Email Format","0"
"0","JSONPlaceholder API Tests","0","Users","1","0","Non Existent User","0"
"0","JSONPlaceholder API Tests","0","Albums","1","0","Get Album Photos","0"
"0","JSONPlaceholder API Tests","0","Comments","1","0","Filter Comments By PostId","0"
"0","JSONPlaceholder API Tests","0","Users","1","0","Get User Posts","0"
"0","JSONPlaceholder API Tests","0","Photos","1","0","Get Photo By ID","0"
"0","JSONPlaceholder API Tests","0","Todos","1","0","Get Todo By ID","0"
"0","JSONPlaceholder API Tests","0","Posts","1","0","Patch Post","0"
"0","JSONPlaceholder API Tests","0","Users","1","0","Get All Users","0"
"0","JSONPlaceholder API Tests","0","Comments","1","0","Response Time","0"
"0","JSONPlaceholder API Tests","0","Todos","1","0","Filter Incomplete Todos","0"
"0","JSONPlaceholder API Tests","0","Posts","1","0","JSON Schema Validation","0"
"0","JSONPlaceholder API Tests","0","Posts","1","0","Create Post","0"
"0","JSONPlaceholder API Tests","0","Users","1","0","User Email Format","0"
"0","JSONPlaceholder API Tests","0","Posts","1","0","Filter Posts By UserId","0"
"0","JSONPlaceholder API Tests","0","Todos","1","0","Non Existent Todo","0"
